{
    "auc_roc_score": 0.9518915254237288,
    "precision": 0.7575757575757576,
    "recall": 0.5
}